# ports/vulkan/PORT-MAP.tsv - the DECODE PATH's kernels-namespace symbols (every one src/core/ reaches), classified.
# kernel = GPU work with a shader in this tree; host = the engine's own host side; todo = GPU work not ported.
# A symbol is in scope whether src/core/ writes it `kernels::X` or bare `X` (a using-directive in scope).
# gates/run_gate.sh checks this file against the engine's sources and the built shaders: an invented
# symbol, a shader that is not built, an unclaimed shader or an unlisted src/core/ symbol all fail.
# symbol	kind	shader(s) or reason
add_inplace	kernel	add
add_streams_broadcast	todo	no shader in this tree yet
bf16_gemv	todo	no shader in this tree yet
bf16_gemv_fp32_mmvf	kernel	bf16_mmvf_f32
bf16_gemv_fp32_mmvf_cols	kernel	bf16_mmvf_f32
bf16_gemv_fp32_mmvf_multi	kernel	bf16_mmvf_f32_multi
bf16_gemv_split	todo	no shader in this tree yet
broadcast_streams	todo	no shader in this tree yet
build_rope_table	host	the engine builds the table; rope_neox is the kernel that reads it
copy_from_mapped	host	a mapped-buffer copy
copy_i32_from_mapped	host	a mapped-buffer copy
copy_i32_from_mapped_unless	host	a mapped-buffer copy
copy_indexed	host	a device-indexed copy
copy_or_zero_from_mapped	host	a mapped-buffer copy
copy_rows_from_mapped	host	a mapped-buffer copy
coupled_draft_sample	kernel	coupled_penalize coupled_sample
coupled_draft_scratch_bytes	host	a size
coupled_draft_stage	host	the coupled round's mapped staging (a copy; the coupled kernels read it)
cpu	host	the engine ticks its own clock
cvec	host	the table the cvec_apply kernel reads
cvec_apply	kernel	cvec_apply
doorbell_publish	host	a host-device sync primitive
doorbell_publish_res	host	a host-device sync primitive
doorbell_publish_value	host	a host-device sync primitive
doorbell_ring	host	a host-device sync primitive
doorbell_wait	host	a host-device sync primitive
embed_type_supported	host	a capability check
embedding_gather	kernel	embedding_gather
embedding_gather_dev	kernel	embedding_gather
f16_from_f32	host	a type conversion helper
f32_from_f16	host	a type conversion helper
f32_to_bf16_bulk	kernel	f32_to_bf16
fetch_blobs	todo	no shader in this tree yet
fused_gdn_ab	todo	no shader in this tree yet
fused_gdn_conv_l2	todo	no shader in this tree yet
fused_gdn_step_norm	todo	no shader in this tree yet
fused_gr_check	host	a capability check
fused_gr_read	host	a workspace read
fused_gr_read_multi	todo	no shader in this tree yet
fused_gr_supported	host	a capability check
fwht256_inplace_cuda	kernel	fwht256
gather_rows	kernel	gather_rows
gdn_ab_multi	todo	no shader in this tree yet
gdn_beta_gate	kernel	gdn_beta_gate
gdn_conv_commit	todo	no shader in this tree yet
gdn_conv_l2_multi	todo	no shader in this tree yet
gdn_conv_step	kernel	gdn_conv_step
gdn_gate	kernel	gdn_gate
gdn_l2_norm	kernel	gdn_l2_norm
gdn_out_norm	todo	no shader in this tree yet
gdn_step	todo	no shader in this tree yet
gdn_step_norm_multi	todo	no shader in this tree yet
gpu_stamp	todo	no shader in this tree yet
gr_read	host	a workspace read
gr_workspace_bytes	host	a size
gr_workspace_init	host	a workspace hand-out
gr_write	todo	no shader in this tree yet
indexer_key_append	todo	no shader in this tree yet
iq_dequant_f32	kernel	iq_dequant_f32
iq_embed_rows	kernel	iq_embed_rows
iq_row_bytes	host	a size
k	host	a constant
kv_append_q4_step	kernel	kv_q4_append
kv_append_q8_step	kernel	kv_q8_append
kv_append_step	kernel	kv_f16_append
kv_block_bytes	host	a size
kv_gather_q4_step	kernel	kv_q4_gather
kv_gather_q8_step	kernel	kv_q8_gather
kv_gather_step	kernel	kv_f16_gather
kv_q4_bytes_per_cell	host	a size
kv_q4_bytes_per_head	host	a size
kv_q8_bytes_per_cell	host	a size
kv_ring_restore	host	ring bookkeeping
kv_ring_table	host	ring bookkeeping
kv_stream_map_bytes	host	the expert file tier: a size
kv_stream_reset	host	the expert file tier: bookkeeping
kv_stream_resolve	host	the expert file tier: whether a row is resident
map_ids	todo	no shader in this tree yet
moe_combine	kernel	moe_combine_f32 moe_combine_f64
moe_group_resident	todo	no shader in this tree yet
moe_grouped_s2	kernel	s2expert_gu_grouped s2expert_swiglu quantize_q8_0 s2expert_down_grouped
moe_hit_add	kernel	moe_hit_add
moe_hit_grouped_s2	kernel	s2expert_gu s2expert_swiglu quantize_q8_0 s2expert_down
moe_hit_grouped_s2_cpu_order	kernel	s2_gemv_q8 scalar_gate_f32 scalar_gate_f64 moe_combine_f32 moe_combine_f64
moe_hit_grouped_s2_dev	kernel	s2_gemv_q8 scalar_gate_f32 scalar_gate_f64 moe_combine_f32 moe_combine_f64
moe_hit_grouped_scratch_bytes	host	a size
moe_hit_select	kernel	moe_hit_select
mtp_select	todo	no shader in this tree yet
native_expert_grouped	kernel	native_gu_iq2s native_down_iq4nl s2expert_gu s2expert_down s2expert_swiglu
native_expert_layout	host	a layout description
native_expert_scratch_bytes	host	a size
native_flash_attn_short_step	kernel	attn_decode_short
native_gdn_beta_gate	todo	no shader in this tree yet
native_gdn_conv_silu	todo	no shader in this tree yet
native_gdn_enabled	host	a capability check
native_gdn_gate	todo	no shader in this tree yet
native_gdn_l2_norm	todo	no shader in this tree yet
native_gdn_out_norm	todo	no shader in this tree yet
native_gdn_step	todo	no shader in this tree yet
native_mmvq	kernel	iq1m_mmvq iq2s_mmvq iq3s_mmvq iq3xxs_mmvq iq4nl_mmvq iq4xs_mmvq
native_mmvq_supported	host	a capability check
native_mmvq_weight_bytes	host	a size
native_moe_combine	todo	no shader in this tree yet
native_moe_combine_enabled	host	a capability check
native_moe_combine_multi	todo	no shader in this tree yet
native_q5_k_f32	kernel	native_q5_k_f32
native_q8_1_bytes	host	a size
native_qsa_enabled	host	a capability check
native_qsa_gate_apply	todo	no shader in this tree yet
native_qsa_indexer_append	todo	no shader in this tree yet
native_qsa_indexer_enabled	host	a capability check
native_qsa_rms_norm_weighted	todo	no shader in this tree yet
native_quantize_q8_1	kernel	quantize_q8_1
native_rope_apply	todo	no shader in this tree yet
native_rope_enabled	host	a capability check
native_router_enabled	host	a capability check
native_router_top10	todo	no shader in this tree yet
native_router_top10_multi	todo	no shader in this tree yet
ngram_rows	host	host-side row bookkeeping
penalty_rows	host	folded into the samplers in this port: see sampler_greedy/sampler_kernel
ple_block	kernel	ple_bcast ple_conv ple_gate ple_gnorm
ple_block_projected	todo	no shader in this tree yet
ple_block_scratch_bytes	host	a size
ple_history_advance	kernel	ple_history_advance
ple_native_bf16_enabled	host	a capability check
ple_native_postops_enabled	host	a capability check
qsa_attend_step	todo	no shader in this tree yet
qsa_block_scores	kernel	qsa_block_scores
qsa_block_topk	kernel	qsa_block_topk
qsa_decode_attn_batch	todo	no shader in this tree yet
qsa_decode_attn_scratch_floats	host	a size
qsa_decode_attn_step	kernel	attn_decode_short
qsa_gate_apply_f32	todo	no shader in this tree yet
qsa_index_step	todo	no shader in this tree yet
qsa_real_shapes	host	a shape description
qsa_selection_width	host	a shape description
qsa_step_bytes	host	a size
qsa_step_fill	host	the step record's fill
quantize_q8_	kernel	quantize_q8_0 quantize_q8_1 quantize_q8_K quantize_q8_0_scaled
quantize_q8_0	kernel	quantize_q8_0
quantize_q8_0_scaled	kernel	quantize_q8_0_scaled
quantize_q8_1_rows	kernel	quantize_q8_1
quantize_q8_K	kernel	quantize_q8_K
rebase_ptrs	todo	no shader in this tree yet
resident_plan	todo	no shader in this tree yet
rms_norm_weighted	kernel	rms_norm
rope_neox_apply	kernel	rope_neox
rope_scaling	host	a table parameter
rope_table_release	host	table bookkeeping
rope_table_set	host	table bookkeeping
router_top10	kernel	router_top10_f32 router_top10_f64
row_top_prob	todo	no shader in this tree yet
s2_gemv_q8	kernel	s2_gemv_q8
s_gemv_q8_0_split	todo	no shader in this tree yet
s_gemv_q8k_split	todo	no shader in this tree yet
s_gemv_split_async	kernel	s_gemv_q8_split
sample_tokens	kernel	sampler_greedy sampler_kernel sampler_kernel_f32 sampler_split
scale_inplace	kernel	scale
scatter_rows_f32	kernel	scatter_rows_f32
shared_expert	kernel	s2expert_gu s2expert_swiglu quantize_q8_0 s2expert_down moe_combine_f32 scalar_gate_f32
shared_expert_multi	kernel	s2expert_gu s2expert_swiglu quantize_q8_0 s2expert_down moe_combine_f32 scalar_gate_f32
shared_expert_native_bf16_enabled	host	a capability check
shared_expert_scratch_bytes	host	a size
silu_inplace	kernel	silu_f32
topk_512_step	todo	no shader in this tree yet
wait_flag_ge	todo	no shader in this tree yet
wait_flag_ge_or	todo	no shader in this tree yet
window_ids	todo	no shader in this tree yet
